<?xml version="1.0" encoding="UTF-8"?>
<beans xmlns="http://www.springframework.org/schema/beans"
	xmlns:xsi="http://www.w3.org/2001/XMLSchema-instance"
	xmlns:aop="http://www.springframework.org/schema/aop"
	xmlns:context="http://www.springframework.org/schema/context"
	xmlns:mvc="http://www.springframework.org/schema/mvc"
	xsi:schemaLocation="http://www.springframework.org/schema/beans http://www.springframework.org/schema/beans/spring-beans.xsd
		http://www.springframework.org/schema/aop http://www.springframework.org/schema/aop/spring-aop-4.3.xsd
		http://www.springframework.org/schema/context http://www.springframework.org/schema/context/spring-context-4.3.xsd
		http://www.springframework.org/schema/mvc http://www.springframework.org/schema/mvc/spring-mvc-4.3.xsd">

	<context:component-scan
		base-package="com.cts.shopping" />
	<bean id="viewResolver"
		class="org.springframework.web.servlet.view.InternalResourceViewResolver">
		<property name="prefix" value="/WEB-INF/views/" />
		<property name="suffix" value=".jsp" />
	</bean>
	
	  <!-- Database Configurations -->
    <bean id="ds"
        class="org.springframework.jdbc.datasource.DriverManagerDataSource">
        <property name="driverClassName" value="oracle.jdbc.driver.OracleDriver" />
        <property name="url" value="jdbc:oracle:thin:@localhost:1521:xe" />
        <property name="username" value="SYSTEM" />
        <property name="password" value="12345" />
     </bean>
     
     <bean id="jt" class="org.springframework.jdbc.core.JdbcTemplate">    
     <property name="dataSource" ref="ds"></property>   
     </bean>    
     
     <bean id="dao" class="com.cts.shopping.dao.ProductDao">    
     <property name="template" ref="jt"></property>     
    </bean>  

</beans>

 
 