<?xml version="1.0" encoding="UTF-8"?>
<beans
xmlns = "http://www.springframework.org/schema/beans"
   xmlns:xsi = "http://www.w3.org/2001/XMLSchema-instance"
   xmlns:context = "http://www.springframework.org/schema/context"
   xsi:schemaLocation = "http://www.springframework.org/schema/beans
   http://www.springframework.org/schema/beans/spring-beans-3.0.xsd
   http://www.springframework.org/schema/context
   http://www.springframework.org/schema/context/spring-context-3.0.xsd">
   
   	<bean id="student" class="com.mindgate.assessment.model.Student">
		<constructor-arg>
			<map>
				<entry key="Sherine"> 
				<bean id="course1" class="com.mindgate.assessment.model.Course">
					<constructor-arg>
						<list>
							<value>CoreJava</value>
							<value>Spring</value>
							<value>Angular</value>
						</list>
					</constructor-arg>
					<constructor-arg value="Nirmala"></constructor-arg>
					<constructor-arg>
						<map>
							<entry key="java" value="CoreJava=30"></entry>
							<entry key="spring" value="Spring=20"></entry>
							<entry key="angular" value="Angular=30"></entry>
						</map>
					</constructor-arg>
				</bean>
				</entry>
				
				<entry key="Antony"> 
				<bean id="course2" class="com.mindgate.assessment.model.Course">
					<constructor-arg>
						<list>
							<value>Spring</value>
							<value>Angular</value>
						</list>
					</constructor-arg>
					<constructor-arg value="priya"></constructor-arg>
					<constructor-arg>
						<map>
							<entry key="spring" value="Spring=20"></entry>
							<entry key="angular" value="Angular=30"></entry>
						</map>
					</constructor-arg>
				</bean>
				</entry>			
			</map>
		</constructor-arg>
	</bean>
</beans>